Dataset,#TrainingRelease,Classifier,Balancing,Feature Selection,Sensitivity,TP,FP,TN,FN,Precision,Recall,AUC,Kappa
BOOKKEEPER,1,RANDOM FOREST,NO,NO,NO,139,25,129,9,0.8475609756097561,0.9391891891891891,0.9596349596349596,0.7752189141856392,
BOOKKEEPER,2,RANDOM FOREST,NO,NO,NO,176,3,189,96,0.9832402234636871,0.6470588235294118,0.9215590533088235,0.5894465894465895,
BOOKKEEPER,3,RANDOM FOREST,NO,NO,NO,416,23,174,5,0.9476082004555809,0.9881235154394299,0.9925244462664432,0.893080906068882,
BOOKKEEPER,4,RANDOM FOREST,NO,NO,NO,392,16,105,77,0.9607843137254902,0.835820895522388,0.8936368922800402,0.5927289461573861,
BOOKKEEPER,5,RANDOM FOREST,NO,NO,NO,418,86,111,3,0.8293650793650794,0.9928741092636579,0.8146906688209122,0.6265531429502588,
BOOKKEEPER,6,RANDOM FOREST,NO,NO,NO,468,0,0,188,1.0,0.7134146341463414,NaN,0.0,
BOOKKEEPER,1,NAIVE BAYES,NO,NO,NO,2,6,148,146,0.25,0.013513513513513514,0.8209020709020709,-0.025925263722510264,
BOOKKEEPER,2,NAIVE BAYES,NO,NO,NO,91,8,184,181,0.9191919191919192,0.33455882352941174,0.8025045955882353,0.2586230217773569,
BOOKKEEPER,3,NAIVE BAYES,NO,NO,NO,379,8,189,42,0.979328165374677,0.9002375296912114,0.9242015023451535,0.8218917516859761,
BOOKKEEPER,4,NAIVE BAYES,NO,NO,NO,333,9,112,136,0.9736842105263158,0.7100213219616205,0.8399178840155773,0.45749362689766254,
BOOKKEEPER,5,NAIVE BAYES,NO,NO,NO,397,126,71,24,0.7590822179732314,0.9429928741092637,0.8114110710539325,0.3518660942765652,
BOOKKEEPER,6,NAIVE BAYES,NO,NO,NO,417,0,0,239,1.0,0.635670731707317,NaN,0.0,
BOOKKEEPER,1,IBK,NO,NO,NO,130,20,134,18,0.8666666666666667,0.8783783783783784,0.8712925587925588,0.7483112553732784,
BOOKKEEPER,2,IBK,NO,NO,NO,176,9,183,96,0.9513513513513514,0.6470588235294118,0.7992876838235294,0.5626884963377854,
BOOKKEEPER,3,IBK,NO,NO,NO,414,83,114,7,0.8329979879275654,0.9833729216152018,0.7840288411685978,0.6263352368155861,
BOOKKEEPER,4,IBK,NO,NO,NO,378,17,104,91,0.9569620253164557,0.8059701492537313,0.8319529859556997,0.5424057450628366,
BOOKKEEPER,5,IBK,NO,NO,NO,403,100,97,18,0.8011928429423459,0.9572446555819477,0.7314467607943379,0.5056201103683919,
BOOKKEEPER,6,IBK,NO,NO,NO,446,0,0,210,1.0,0.6798780487804879,NaN,0.0,
BOOKKEEPER,1,RANDOM FOREST,NO,NO,SENSITIVE THRESHOLD,0,0,154,148,NaN,0.0,0.5,0.0,
BOOKKEEPER,2,RANDOM FOREST,NO,NO,SENSITIVE THRESHOLD,9,0,192,263,1.0,0.03308823529411765,0.5165441176470589,0.027540481958434265,
BOOKKEEPER,3,RANDOM FOREST,NO,NO,SENSITIVE THRESHOLD,32,0,197,389,1.0,0.07600950118764846,0.5380047505938242,0.04983202244970552,
BOOKKEEPER,4,RANDOM FOREST,NO,NO,SENSITIVE THRESHOLD,148,0,121,321,1.0,0.31556503198294245,0.6577825159914712,0.15903661536548755,
BOOKKEEPER,5,RANDOM FOREST,NO,NO,SENSITIVE THRESHOLD,252,41,156,169,0.8600682593856656,0.5985748218527316,0.695226497220782,0.3329084124063204,
BOOKKEEPER,6,RANDOM FOREST,NO,NO,SENSITIVE THRESHOLD,198,0,0,458,1.0,0.3018292682926829,NaN,0.0,
BOOKKEEPER,1,NAIVE BAYES,NO,NO,SENSITIVE THRESHOLD,1,4,150,147,0.2,0.006756756756756757,0.4903913653913654,-0.019585923176675794,
BOOKKEEPER,2,NAIVE BAYES,NO,NO,SENSITIVE THRESHOLD,1,1,191,271,0.5,0.003676470588235294,0.49923406862745096,-0.0012693577050013128,
BOOKKEEPER,3,NAIVE BAYES,NO,NO,SENSITIVE THRESHOLD,1,2,195,420,0.3333333333333333,0.0023752969121140144,0.4961115063240773,-0.004970983329865195,
BOOKKEEPER,4,NAIVE BAYES,NO,NO,SENSITIVE THRESHOLD,87,6,115,382,0.9354838709677419,0.18550106609808104,0.5679571446192885,0.06313178852938048,
BOOKKEEPER,5,NAIVE BAYES,NO,NO,SENSITIVE THRESHOLD,382,87,110,39,0.814498933901919,0.9073634204275535,0.73286952747266,0.49802091257204006,
BOOKKEEPER,6,NAIVE BAYES,NO,NO,SENSITIVE THRESHOLD,11,0,0,645,1.0,0.01676829268292683,NaN,0.0,
BOOKKEEPER,1,IBK,NO,NO,SENSITIVE THRESHOLD,127,20,134,21,0.8639455782312925,0.8581081081081081,0.8641189891189891,0.7283338452762297,
BOOKKEEPER,2,IBK,NO,NO,SENSITIVE THRESHOLD,176,9,183,96,0.9513513513513514,0.6470588235294118,0.8000919117647058,0.5626884963377854,
BOOKKEEPER,3,IBK,NO,NO,SENSITIVE THRESHOLD,414,83,114,7,0.8329979879275654,0.9833729216152018,0.7810265623304435,0.6263352368155861,
BOOKKEEPER,4,IBK,NO,NO,SENSITIVE THRESHOLD,378,17,104,91,0.9569620253164557,0.8059701492537313,0.8327371407425681,0.5424057450628366,
BOOKKEEPER,5,IBK,NO,NO,SENSITIVE THRESHOLD,403,100,97,18,0.8011928429423459,0.9572446555819477,0.724815221191989,0.5056201103683919,
BOOKKEEPER,6,IBK,NO,NO,SENSITIVE THRESHOLD,446,0,0,210,1.0,0.6798780487804879,NaN,0.0,
BOOKKEEPER,1,RANDOM FOREST,NO,NO,SENSITIVE LEARNING,0,0,154,148,NaN,0.0,0.9472841347841348,0.0,
BOOKKEEPER,2,RANDOM FOREST,NO,NO,SENSITIVE LEARNING,0,0,192,272,NaN,0.0,0.9067478553921569,0.0,
BOOKKEEPER,3,RANDOM FOREST,NO,NO,SENSITIVE LEARNING,21,0,197,400,1.0,0.0498812351543943,0.97370895981287,0.03238685737100442,
BOOKKEEPER,4,RANDOM FOREST,NO,NO,SENSITIVE LEARNING,39,0,121,430,1.0,0.08315565031982942,0.8736189183950378,0.03586711155363346,
BOOKKEEPER,5,RANDOM FOREST,NO,NO,SENSITIVE LEARNING,245,30,167,176,0.8909090909090909,0.5819477434679335,0.8222867960017844,0.3589017917392661,
BOOKKEEPER,6,RANDOM FOREST,NO,NO,SENSITIVE LEARNING,48,0,0,608,1.0,0.07317073170731707,NaN,0.0,
BOOKKEEPER,1,NAIVE BAYES,NO,NO,SENSITIVE LEARNING,1,4,150,147,0.2,0.006756756756756757,0.8264742014742015,-0.019585923176675794,
BOOKKEEPER,2,NAIVE BAYES,NO,NO,SENSITIVE LEARNING,1,1,191,271,0.5,0.003676470588235294,0.8069469975490197,-0.0012693577050013128,
BOOKKEEPER,3,NAIVE BAYES,NO,NO,SENSITIVE LEARNING,2,2,195,419,0.5,0.004750593824228029,0.9250696311658246,-0.0034556968860160213,
BOOKKEEPER,4,NAIVE BAYES,NO,NO,SENSITIVE LEARNING,87,6,115,382,0.9354838709677419,0.18550106609808104,0.840499392059772,0.06313178852938048,
BOOKKEEPER,5,NAIVE BAYES,NO,NO,SENSITIVE LEARNING,389,76,121,32,0.8365591397849462,0.9239904988123515,0.8178738078300397,0.5722032073222321,
BOOKKEEPER,6,NAIVE BAYES,NO,NO,SENSITIVE LEARNING,12,0,0,644,1.0,0.018292682926829267,NaN,0.0,
BOOKKEEPER,1,IBK,NO,NO,SENSITIVE LEARNING,127,20,134,21,0.8639455782312925,0.8581081081081081,0.8712925587925588,0.7283338452762297,
BOOKKEEPER,2,IBK,NO,NO,SENSITIVE LEARNING,176,9,183,96,0.9513513513513514,0.6470588235294118,0.7992876838235294,0.5626884963377854,
BOOKKEEPER,3,IBK,NO,NO,SENSITIVE LEARNING,414,83,114,7,0.8329979879275654,0.9833729216152018,0.7840288411685978,0.6263352368155861,
BOOKKEEPER,4,IBK,NO,NO,SENSITIVE LEARNING,378,17,104,91,0.9569620253164557,0.8059701492537313,0.8319529859556997,0.5424057450628366,
BOOKKEEPER,5,IBK,NO,NO,SENSITIVE LEARNING,403,100,97,18,0.8011928429423459,0.9572446555819477,0.7314467607943379,0.5056201103683919,
BOOKKEEPER,6,IBK,NO,NO,SENSITIVE LEARNING,446,0,0,210,1.0,0.6798780487804879,NaN,0.0,
BOOKKEEPER,1,RANDOM FOREST,UNDERSAMPLING,NO,NO,138,18,136,10,0.8846153846153846,0.9324324324324325,0.9543699543699544,0.8146914446002803,
BOOKKEEPER,2,RANDOM FOREST,UNDERSAMPLING,NO,NO,181,6,186,91,0.9679144385026738,0.6654411764705882,0.9181219362745098,0.5954264346325326,
BOOKKEEPER,3,RANDOM FOREST,UNDERSAMPLING,NO,NO,387,14,183,34,0.9650872817955112,0.9192399049881235,0.9877437090803863,0.8258684856240535,
BOOKKEEPER,4,RANDOM FOREST,UNDERSAMPLING,NO,NO,363,4,117,106,0.989100817438692,0.7739872068230277,0.8884914271617121,0.5644119897445535,
BOOKKEEPER,5,RANDOM FOREST,UNDERSAMPLING,NO,NO,293,39,158,128,0.8825301204819277,0.6959619952494062,0.8445567117209448,0.4445616489962866,
BOOKKEEPER,6,RANDOM FOREST,UNDERSAMPLING,NO,NO,390,0,0,266,1.0,0.5945121951219512,NaN,0.0,
BOOKKEEPER,1,NAIVE BAYES,UNDERSAMPLING,NO,NO,2,4,150,146,0.3333333333333333,0.013513513513513514,0.8136188136188136,-0.01269784494321728,
BOOKKEEPER,2,NAIVE BAYES,UNDERSAMPLING,NO,NO,91,12,180,181,0.883495145631068,0.33455882352941174,0.8036247702205882,0.24087888240878882,
BOOKKEEPER,3,NAIVE BAYES,UNDERSAMPLING,NO,NO,7,4,193,414,0.6363636363636364,0.0166270783847981,0.9194509085209255,-0.0023669649301163165,
BOOKKEEPER,4,NAIVE BAYES,UNDERSAMPLING,NO,NO,374,39,82,95,0.9055690072639225,0.7974413646055437,0.8541383989145184,0.4055013309671695,
BOOKKEEPER,5,NAIVE BAYES,UNDERSAMPLING,NO,NO,386,102,95,35,0.7909836065573771,0.9168646080760094,0.8154382241942679,0.4387999946972811,
BOOKKEEPER,6,NAIVE BAYES,UNDERSAMPLING,NO,NO,486,0,0,170,1.0,0.7408536585365854,NaN,0.0,
BOOKKEEPER,1,IBK,UNDERSAMPLING,NO,NO,128,18,136,20,0.8767123287671232,0.8648648648648649,0.8711170586170586,0.7481787062231194,
BOOKKEEPER,2,IBK,UNDERSAMPLING,NO,NO,180,11,181,92,0.9424083769633508,0.6617647058823529,0.8016620710784313,0.5691619789412953,
BOOKKEEPER,3,IBK,UNDERSAMPLING,NO,NO,411,80,117,10,0.8370672097759674,0.9762470308788599,0.7870070053172891,0.6296789485598625,
BOOKKEEPER,4,IBK,UNDERSAMPLING,NO,NO,369,8,113,100,0.9787798408488063,0.7867803837953091,0.86174205712876,0.56210398999409,
BOOKKEEPER,5,IBK,UNDERSAMPLING,NO,NO,401,80,117,20,0.8336798336798337,0.9524940617577197,0.7746482269674573,0.5945786373118859,
BOOKKEEPER,6,IBK,UNDERSAMPLING,NO,NO,388,0,0,268,1.0,0.5914634146341463,NaN,0.0,
BOOKKEEPER,1,RANDOM FOREST,UNDERSAMPLING,NO,SENSITIVE THRESHOLD,0,0,154,148,NaN,0.0,0.5,0.0,
BOOKKEEPER,2,RANDOM FOREST,UNDERSAMPLING,NO,SENSITIVE THRESHOLD,2,0,192,270,1.0,0.007352941176470588,0.5036764705882353,0.006092916984006017,
BOOKKEEPER,3,RANDOM FOREST,UNDERSAMPLING,NO,SENSITIVE THRESHOLD,7,0,197,414,1.0,0.0166270783847981,0.5083135391923991,0.010664707474575623,
BOOKKEEPER,4,RANDOM FOREST,UNDERSAMPLING,NO,SENSITIVE THRESHOLD,0,0,121,469,NaN,0.0,0.5,0.0,
BOOKKEEPER,5,RANDOM FOREST,UNDERSAMPLING,NO,SENSITIVE THRESHOLD,2,0,197,419,1.0,0.004750593824228029,0.502375296912114,0.003033919839833687,
BOOKKEEPER,6,RANDOM FOREST,UNDERSAMPLING,NO,SENSITIVE THRESHOLD,0,0,0,656,NaN,0.0,NaN,0.0,
BOOKKEEPER,1,NAIVE BAYES,UNDERSAMPLING,NO,SENSITIVE THRESHOLD,1,3,151,147,0.25,0.006756756756756757,0.49363811863811863,-0.012969588550983778,
BOOKKEEPER,2,NAIVE BAYES,UNDERSAMPLING,NO,SENSITIVE THRESHOLD,1,1,191,271,0.5,0.003676470588235294,0.49923406862745096,-0.0012693577050013128,
BOOKKEEPER,3,NAIVE BAYES,UNDERSAMPLING,NO,SENSITIVE THRESHOLD,2,2,195,419,0.5,0.004750593824228029,0.4972991547801343,-0.0034556968860160213,
BOOKKEEPER,4,NAIVE BAYES,UNDERSAMPLING,NO,SENSITIVE THRESHOLD,90,5,116,379,0.9473684210526315,0.19189765458422176,0.5752876702673175,0.07014159655243173,
BOOKKEEPER,5,NAIVE BAYES,UNDERSAMPLING,NO,SENSITIVE THRESHOLD,260,34,163,161,0.8843537414965986,0.6175771971496437,0.722494182331167,0.3798437644733999,
BOOKKEEPER,6,NAIVE BAYES,UNDERSAMPLING,NO,SENSITIVE THRESHOLD,444,0,0,212,1.0,0.676829268292683,NaN,0.0,
BOOKKEEPER,1,IBK,UNDERSAMPLING,NO,SENSITIVE THRESHOLD,125,18,136,23,0.8741258741258742,0.8445945945945946,0.8638557388557389,0.728190718707468,
BOOKKEEPER,2,IBK,UNDERSAMPLING,NO,SENSITIVE THRESHOLD,180,11,181,92,0.9424083769633508,0.6617647058823529,0.8022365196078431,0.5691619789412953,
BOOKKEEPER,3,IBK,UNDERSAMPLING,NO,SENSITIVE THRESHOLD,411,80,117,10,0.8370672097759674,0.9762470308788599,0.7850778301602421,0.6296789485598625,
BOOKKEEPER,4,IBK,UNDERSAMPLING,NO,SENSITIVE THRESHOLD,369,8,113,100,0.9787798408488063,0.7867803837953091,0.8603323406579851,0.56210398999409,
BOOKKEEPER,5,IBK,UNDERSAMPLING,NO,SENSITIVE THRESHOLD,401,80,117,20,0.8336798336798337,0.9524940617577197,0.773201345599672,0.5945786373118859,
BOOKKEEPER,6,IBK,UNDERSAMPLING,NO,SENSITIVE THRESHOLD,388,0,0,268,1.0,0.5914634146341463,NaN,0.0,
BOOKKEEPER,1,RANDOM FOREST,UNDERSAMPLING,NO,SENSITIVE LEARNING,111,46,108,37,0.7070063694267515,0.75,0.7991181116181116,0.45076471361584647,
BOOKKEEPER,2,RANDOM FOREST,UNDERSAMPLING,NO,SENSITIVE LEARNING,129,26,166,143,0.832258064516129,0.4742647058823529,0.81298828125,0.3109798959651343,
BOOKKEEPER,3,RANDOM FOREST,UNDERSAMPLING,NO,SENSITIVE LEARNING,367,66,131,54,0.8475750577367206,0.8717339667458432,0.8344526568359116,0.5455492505484538,
BOOKKEEPER,4,RANDOM FOREST,UNDERSAMPLING,NO,SENSITIVE LEARNING,319,20,101,150,0.9410029498525073,0.6801705756929638,0.8207193078292129,0.36814121382403703,
BOOKKEEPER,5,RANDOM FOREST,UNDERSAMPLING,NO,SENSITIVE LEARNING,298,51,146,123,0.8538681948424068,0.7078384798099763,0.7871818368158964,0.4091713277876067,
BOOKKEEPER,6,RANDOM FOREST,UNDERSAMPLING,NO,SENSITIVE LEARNING,346,0,0,310,1.0,0.5274390243902439,NaN,0.0,
BOOKKEEPER,1,NAIVE BAYES,UNDERSAMPLING,NO,SENSITIVE LEARNING,2,9,145,146,0.18181818181818182,0.013513513513513514,0.6956168831168831,-0.045753094142353005,
BOOKKEEPER,2,NAIVE BAYES,UNDERSAMPLING,NO,SENSITIVE LEARNING,150,35,157,122,0.8108108108108109,0.5514705882352942,0.7808191636029411,0.34611518023840304,
BOOKKEEPER,3,NAIVE BAYES,UNDERSAMPLING,NO,SENSITIVE LEARNING,381,123,74,40,0.7559523809523809,0.9049881235154394,0.7767522336231115,0.3160467674257547,
BOOKKEEPER,4,NAIVE BAYES,UNDERSAMPLING,NO,SENSITIVE LEARNING,364,57,64,105,0.8646080760095012,0.7761194029850746,0.7777317661985234,0.26590989385723723,
BOOKKEEPER,5,NAIVE BAYES,UNDERSAMPLING,NO,SENSITIVE LEARNING,393,117,80,28,0.7705882352941177,0.9334916864608076,0.7670400424418534,0.38597212514903584,
BOOKKEEPER,6,NAIVE BAYES,UNDERSAMPLING,NO,SENSITIVE LEARNING,497,0,0,159,1.0,0.7576219512195121,NaN,0.0,
BOOKKEEPER,1,IBK,UNDERSAMPLING,NO,SENSITIVE LEARNING,136,97,57,12,0.5836909871244635,0.918918918918919,0.6451167076167076,0.28585065301340756,
BOOKKEEPER,2,IBK,UNDERSAMPLING,NO,SENSITIVE LEARNING,61,11,181,211,0.8472222222222222,0.22426470588235295,0.6044634650735294,0.14479277364505844,
BOOKKEEPER,3,IBK,UNDERSAMPLING,NO,SENSITIVE LEARNING,400,116,81,21,0.7751937984496124,0.9501187648456056,0.6874856819031313,0.41445703141209184,
BOOKKEEPER,4,IBK,UNDERSAMPLING,NO,SENSITIVE LEARNING,310,37,84,159,0.8933717579250721,0.6609808102345416,0.660478598741828,0.2584993010759583,
BOOKKEEPER,5,IBK,UNDERSAMPLING,NO,SENSITIVE LEARNING,401,100,97,20,0.8003992015968064,0.9524940617577197,0.711962091708164,0.4987631290806602,
BOOKKEEPER,6,IBK,UNDERSAMPLING,NO,SENSITIVE LEARNING,412,0,0,244,1.0,0.6280487804878049,NaN,0.0,
BOOKKEEPER,1,RANDOM FOREST,OVERSAMPLING,NO,NO,131,30,124,17,0.8136645962732919,0.8851351351351351,0.9283081783081784,0.6891507161315754,
BOOKKEEPER,2,RANDOM FOREST,OVERSAMPLING,NO,NO,171,18,174,101,0.9047619047619048,0.6286764705882353,0.8711799172794118,0.5029526141437418,
BOOKKEEPER,3,RANDOM FOREST,OVERSAMPLING,NO,NO,398,33,164,23,0.9234338747099768,0.9453681710213777,0.9553335664419982,0.7885036117188359,
BOOKKEEPER,4,RANDOM FOREST,OVERSAMPLING,NO,NO,382,4,117,87,0.9896373056994818,0.814498933901919,0.8837424448007895,0.6229158180107035,
BOOKKEEPER,5,RANDOM FOREST,OVERSAMPLING,NO,NO,351,62,135,70,0.8498789346246973,0.833729216152019,0.7916490830389332,0.5134612861283743,
BOOKKEEPER,6,RANDOM FOREST,OVERSAMPLING,NO,NO,421,0,0,235,1.0,0.6417682926829268,NaN,0.0,
BOOKKEEPER,1,NAIVE BAYES,OVERSAMPLING,NO,NO,2,4,150,146,0.3333333333333333,0.013513513513513514,0.8159661284661285,-0.01269784494321728,
BOOKKEEPER,2,NAIVE BAYES,OVERSAMPLING,NO,NO,91,12,180,181,0.883495145631068,0.33455882352941174,0.7754289215686274,0.24087888240878882,
BOOKKEEPER,3,NAIVE BAYES,OVERSAMPLING,NO,NO,10,6,191,411,0.625,0.023752969121140142,0.875067822564115,-0.0043336944745395066,
BOOKKEEPER,4,NAIVE BAYES,OVERSAMPLING,NO,NO,386,37,84,83,0.9125295508274232,0.8230277185501066,0.8636363636363636,0.4533071826787947,
BOOKKEEPER,5,NAIVE BAYES,OVERSAMPLING,NO,NO,393,96,101,28,0.803680981595092,0.9334916864608076,0.7896535924858628,0.4912972477795038,
BOOKKEEPER,6,NAIVE BAYES,OVERSAMPLING,NO,NO,353,0,0,303,1.0,0.538109756097561,NaN,0.0,
BOOKKEEPER,1,IBK,OVERSAMPLING,NO,NO,129,33,121,19,0.7962962962962963,0.8716216216216216,0.8068620568620568,0.656126828413769,
BOOKKEEPER,2,IBK,OVERSAMPLING,NO,NO,142,20,172,130,0.8765432098765432,0.5220588235294118,0.7314548866421569,0.3854196100593387,
BOOKKEEPER,3,IBK,OVERSAMPLING,NO,NO,412,100,97,9,0.8046875,0.9786223277909739,0.6970170129134162,0.5369991064677986,
BOOKKEEPER,4,IBK,OVERSAMPLING,NO,NO,383,20,101,86,0.9503722084367245,0.8166311300639659,0.8128248955928739,0.5417173508419678,
BOOKKEEPER,5,IBK,OVERSAMPLING,NO,NO,402,98,99,19,0.804,0.9548693586698337,0.7220239458866369,0.5120328253856846,
BOOKKEEPER,6,IBK,OVERSAMPLING,NO,NO,456,0,0,200,1.0,0.6951219512195121,NaN,0.0,
BOOKKEEPER,1,RANDOM FOREST,OVERSAMPLING,NO,SENSITIVE THRESHOLD,15,0,154,133,1.0,0.10135135135135136,0.5506756756756757,0.10315723663644892,
BOOKKEEPER,2,RANDOM FOREST,OVERSAMPLING,NO,SENSITIVE THRESHOLD,21,0,192,251,1.0,0.07720588235294118,0.5386029411764706,0.0647565206218682,
BOOKKEEPER,3,RANDOM FOREST,OVERSAMPLING,NO,SENSITIVE THRESHOLD,35,0,197,386,1.0,0.0831353919239905,0.5415676959619953,0.05464892326958281,
BOOKKEEPER,4,RANDOM FOREST,OVERSAMPLING,NO,SENSITIVE THRESHOLD,62,1,120,407,0.9841269841269841,0.13219616204690832,0.5619658496184955,0.055207114990619637,
BOOKKEEPER,5,RANDOM FOREST,OVERSAMPLING,NO,SENSITIVE THRESHOLD,62,11,186,359,0.8493150684931506,0.14726840855106887,0.5457154225496461,0.06220009350930582,
BOOKKEEPER,6,RANDOM FOREST,OVERSAMPLING,NO,SENSITIVE THRESHOLD,97,0,0,559,1.0,0.14786585365853658,NaN,0.0,
BOOKKEEPER,1,NAIVE BAYES,OVERSAMPLING,NO,SENSITIVE THRESHOLD,1,4,150,147,0.2,0.006756756756756757,0.4903913653913654,-0.019585923176675794,
BOOKKEEPER,2,NAIVE BAYES,OVERSAMPLING,NO,SENSITIVE THRESHOLD,7,1,191,265,0.875,0.025735294117647058,0.5102634803921569,0.017074413863404702,
BOOKKEEPER,3,NAIVE BAYES,OVERSAMPLING,NO,SENSITIVE THRESHOLD,4,4,193,417,0.5,0.009501187648456057,0.4945983095602686,-0.006935360274937544,
BOOKKEEPER,4,NAIVE BAYES,OVERSAMPLING,NO,SENSITIVE THRESHOLD,175,6,115,294,0.9668508287292817,0.373134328358209,0.6617737757493524,0.17182133799983157,
BOOKKEEPER,5,NAIVE BAYES,OVERSAMPLING,NO,SENSITIVE THRESHOLD,109,23,174,312,0.8257575757575758,0.2589073634204275,0.5710780471924473,0.10225055288148821,
BOOKKEEPER,6,NAIVE BAYES,OVERSAMPLING,NO,SENSITIVE THRESHOLD,15,0,0,641,1.0,0.022865853658536585,NaN,0.0,
BOOKKEEPER,1,IBK,OVERSAMPLING,NO,SENSITIVE THRESHOLD,127,33,121,21,0.79375,0.8581081081081081,0.821911196911197,0.6428070790257578,
BOOKKEEPER,2,IBK,OVERSAMPLING,NO,SENSITIVE THRESHOLD,142,20,172,130,0.8765432098765432,0.5220588235294118,0.7089460784313726,0.3854196100593387,
BOOKKEEPER,3,IBK,OVERSAMPLING,NO,SENSITIVE THRESHOLD,412,100,97,9,0.8046875,0.9786223277909739,0.7355040572965021,0.5369991064677986,
BOOKKEEPER,4,IBK,OVERSAMPLING,NO,SENSITIVE THRESHOLD,383,20,101,86,0.9503722084367245,0.8166311300639659,0.8256709369328094,0.5417173508419678,
BOOKKEEPER,5,IBK,OVERSAMPLING,NO,SENSITIVE THRESHOLD,402,98,99,19,0.804,0.9548693586698337,0.7287037148679117,0.5120328253856846,
BOOKKEEPER,6,IBK,OVERSAMPLING,NO,SENSITIVE THRESHOLD,456,0,0,200,1.0,0.6951219512195121,NaN,0.0,
BOOKKEEPER,1,RANDOM FOREST,OVERSAMPLING,NO,SENSITIVE LEARNING,61,24,130,87,0.7176470588235294,0.41216216216216217,0.7927123552123552,0.25846126620360127,
BOOKKEEPER,2,RANDOM FOREST,OVERSAMPLING,NO,SENSITIVE LEARNING,100,8,184,172,0.9259259259259259,0.36764705882352944,0.8583697150735294,0.2896026129559063,
BOOKKEEPER,3,RANDOM FOREST,OVERSAMPLING,NO,SENSITIVE LEARNING,361,27,170,60,0.9304123711340206,0.8574821852731591,0.9238759540374019,0.6896909953481928,
BOOKKEEPER,4,RANDOM FOREST,OVERSAMPLING,NO,SENSITIVE LEARNING,295,7,114,174,0.9768211920529801,0.6289978678038379,0.8509224832155633,0.37773142051347774,
BOOKKEEPER,5,RANDOM FOREST,OVERSAMPLING,NO,SENSITIVE LEARNING,322,50,147,99,0.8655913978494624,0.7648456057007126,0.8066423912126072,0.4793214588634437,
BOOKKEEPER,6,RANDOM FOREST,OVERSAMPLING,NO,SENSITIVE LEARNING,307,0,0,349,1.0,0.4679878048780488,NaN,0.0,
BOOKKEEPER,1,NAIVE BAYES,OVERSAMPLING,NO,SENSITIVE LEARNING,1,2,152,147,0.3333333333333333,0.006756756756756757,0.8177430677430677,-0.006351478284206237,
BOOKKEEPER,2,NAIVE BAYES,OVERSAMPLING,NO,SENSITIVE LEARNING,187,41,151,85,0.8201754385964912,0.6875,0.7950846354166666,0.4585062240663901,
BOOKKEEPER,3,NAIVE BAYES,OVERSAMPLING,NO,SENSITIVE LEARNING,385,127,70,36,0.751953125,0.9144893111638955,0.82451740477712,0.3076225170114784,
BOOKKEEPER,4,NAIVE BAYES,OVERSAMPLING,NO,SENSITIVE LEARNING,299,47,74,170,0.8641618497109826,0.6375266524520256,0.6800031718620593,0.1808806029353432,
BOOKKEEPER,5,NAIVE BAYES,OVERSAMPLING,NO,SENSITIVE LEARNING,397,119,78,24,0.7693798449612403,0.9429928741092637,0.7832029130544872,0.38881281380970173,
BOOKKEEPER,6,NAIVE BAYES,OVERSAMPLING,NO,SENSITIVE LEARNING,121,0,0,535,1.0,0.18445121951219512,NaN,0.0,
BOOKKEEPER,1,IBK,OVERSAMPLING,NO,SENSITIVE LEARNING,123,41,113,25,0.75,0.831081081081081,0.7501535626535627,0.5636602451838879,
BOOKKEEPER,2,IBK,OVERSAMPLING,NO,SENSITIVE LEARNING,14,1,191,258,0.9333333333333333,0.051470588235294115,0.6078527113970589,0.03865352617432482,
BOOKKEEPER,3,IBK,OVERSAMPLING,NO,SENSITIVE LEARNING,398,68,129,23,0.8540772532188842,0.9453681710213777,0.7951155696492519,0.6390233256736461,
BOOKKEEPER,4,IBK,OVERSAMPLING,NO,SENSITIVE LEARNING,207,12,109,262,0.9452054794520548,0.44136460554371004,0.6733510722655905,0.1937076679069117,
BOOKKEEPER,5,IBK,OVERSAMPLING,NO,SENSITIVE LEARNING,399,82,115,22,0.8295218295218295,0.9477434679334917,0.7678177411770379,0.5783617828043612,
BOOKKEEPER,6,IBK,OVERSAMPLING,NO,SENSITIVE LEARNING,425,0,0,231,1.0,0.6478658536585366,NaN,0.0,
BOOKKEEPER,1,RANDOM FOREST,SMOTE,NO,NO,136,15,139,12,0.9006622516556292,0.918918918918919,0.9626842751842751,0.8211920529801324,
BOOKKEEPER,2,RANDOM FOREST,SMOTE,NO,NO,215,11,181,57,0.9513274336283186,0.7904411764705882,0.9341873468137255,0.708197691624741,
BOOKKEEPER,3,RANDOM FOREST,SMOTE,NO,NO,417,31,166,4,0.9308035714285714,0.9904988123515439,0.9840119608859736,0.8646653235393489,
BOOKKEEPER,4,RANDOM FOREST,SMOTE,NO,NO,392,5,116,77,0.9874055415617129,0.835820895522388,0.8873636539850922,0.6508220621562711,
BOOKKEEPER,5,RANDOM FOREST,SMOTE,NO,NO,418,80,117,3,0.8393574297188755,0.9928741092636579,0.8026031807275402,0.65487868878931,
BOOKKEEPER,6,RANDOM FOREST,SMOTE,NO,NO,454,0,0,202,1.0,0.6920731707317073,NaN,0.0,
BOOKKEEPER,1,NAIVE BAYES,SMOTE,NO,NO,2,6,148,146,0.25,0.013513513513513514,0.8216040716040716,-0.025925263722510264,
BOOKKEEPER,2,NAIVE BAYES,SMOTE,NO,NO,108,14,178,164,0.8852459016393442,0.39705882352941174,0.8027630974264706,0.29073921406979947,
BOOKKEEPER,3,NAIVE BAYES,SMOTE,NO,NO,321,8,189,100,0.9756838905775076,0.7624703087885986,0.9130544871408418,0.6420887806866078,
BOOKKEEPER,4,NAIVE BAYES,SMOTE,NO,NO,330,7,114,139,0.9792284866468842,0.7036247334754797,0.8371601261696241,0.459713737345861,
BOOKKEEPER,5,NAIVE BAYES,SMOTE,NO,NO,390,115,82,31,0.7722772277227723,0.9263657957244655,0.8163184103596706,0.386446164098519,
BOOKKEEPER,6,NAIVE BAYES,SMOTE,NO,NO,415,0,0,241,1.0,0.6326219512195121,NaN,0.0,
BOOKKEEPER,1,IBK,SMOTE,NO,NO,130,19,135,18,0.87248322147651,0.8783783783783784,0.8745612495612496,0.7549023908751921,
BOOKKEEPER,2,IBK,SMOTE,NO,NO,180,9,183,92,0.9523809523809523,0.6617647058823529,0.8082203584558824,0.5781362523404869,
BOOKKEEPER,3,IBK,SMOTE,NO,NO,414,81,116,7,0.8363636363636363,0.9833729216152018,0.7890326392321882,0.635735240927541,
BOOKKEEPER,4,IBK,SMOTE,NO,NO,378,13,108,91,0.9667519181585678,0.8059701492537313,0.8478827820754551,0.5637149642354348,
BOOKKEEPER,5,IBK,SMOTE,NO,NO,403,96,101,18,0.8076152304609219,0.9572446555819477,0.7413337834742033,0.5252624627700435,
BOOKKEEPER,6,IBK,SMOTE,NO,NO,446,0,0,210,1.0,0.6798780487804879,NaN,0.0,
BOOKKEEPER,1,RANDOM FOREST,SMOTE,NO,SENSITIVE THRESHOLD,0,0,154,148,NaN,0.0,0.5,0.0,
BOOKKEEPER,2,RANDOM FOREST,SMOTE,NO,SENSITIVE THRESHOLD,59,0,192,213,1.0,0.21691176470588236,0.6084558823529411,0.1864875543263532,
BOOKKEEPER,3,RANDOM FOREST,SMOTE,NO,SENSITIVE THRESHOLD,11,0,197,410,1.0,0.026128266033254157,0.5130641330166271,0.0168170918149577,
BOOKKEEPER,4,RANDOM FOREST,SMOTE,NO,SENSITIVE THRESHOLD,6,0,121,463,1.0,0.01279317697228145,0.5063965884861408,0.005287267589632298,
BOOKKEEPER,5,RANDOM FOREST,SMOTE,NO,SENSITIVE THRESHOLD,137,23,174,284,0.85625,0.3254156769596199,0.6043322039620435,0.15428505201972015,
BOOKKEEPER,6,RANDOM FOREST,SMOTE,NO,SENSITIVE THRESHOLD,3,0,0,653,1.0,0.004573170731707317,NaN,0.0,
BOOKKEEPER,1,NAIVE BAYES,SMOTE,NO,SENSITIVE THRESHOLD,1,4,150,147,0.2,0.006756756756756757,0.4903913653913654,-0.019585923176675794,
BOOKKEEPER,2,NAIVE BAYES,SMOTE,NO,SENSITIVE THRESHOLD,89,1,191,183,0.9888888888888889,0.3272058823529412,0.6609987745098039,0.282602850228556,
BOOKKEEPER,3,NAIVE BAYES,SMOTE,NO,SENSITIVE THRESHOLD,3,2,195,418,0.6,0.007125890736342043,0.4984868032361913,-0.0019377899929745221,
BOOKKEEPER,4,NAIVE BAYES,SMOTE,NO,SENSITIVE THRESHOLD,89,6,115,380,0.9368421052631579,0.18976545842217485,0.5700893407813353,0.06529858403447564,
BOOKKEEPER,5,NAIVE BAYES,SMOTE,NO,SENSITIVE THRESHOLD,318,42,155,103,0.8833333333333333,0.7553444180522565,0.7710732242545547,0.5008856063897336,
BOOKKEEPER,6,NAIVE BAYES,SMOTE,NO,SENSITIVE THRESHOLD,11,0,0,645,1.0,0.01676829268292683,NaN,0.0,
BOOKKEEPER,1,IBK,SMOTE,NO,SENSITIVE THRESHOLD,127,19,135,21,0.8698630136986302,0.8581081081081081,0.8673657423657424,0.7349249539190731,
BOOKKEEPER,2,IBK,SMOTE,NO,SENSITIVE THRESHOLD,180,9,183,92,0.9523809523809523,0.6617647058823529,0.8074448529411765,0.5781362523404869,
BOOKKEEPER,3,IBK,SMOTE,NO,SENSITIVE THRESHOLD,414,81,116,7,0.8363636363636363,0.9833729216152018,0.7861027044624233,0.635735240927541,
BOOKKEEPER,4,IBK,SMOTE,NO,SENSITIVE THRESHOLD,378,13,108,91,0.9667519181585678,0.8059701492537313,0.8492660663624029,0.5637149642354348,
BOOKKEEPER,5,IBK,SMOTE,NO,SENSITIVE THRESHOLD,403,96,101,18,0.8076152304609219,0.9572446555819477,0.7349675054559485,0.5252624627700435,
BOOKKEEPER,6,IBK,SMOTE,NO,SENSITIVE THRESHOLD,446,0,0,210,1.0,0.6798780487804879,NaN,0.0,
BOOKKEEPER,1,RANDOM FOREST,SMOTE,NO,SENSITIVE LEARNING,23,0,154,125,1.0,0.1554054054054054,0.8829633204633205,0.15800508542623903,
BOOKKEEPER,2,RANDOM FOREST,SMOTE,NO,SENSITIVE LEARNING,18,0,192,254,1.0,0.0661764705882353,0.8660768995098039,0.05539882021031031,
BOOKKEEPER,3,RANDOM FOREST,SMOTE,NO,SENSITIVE LEARNING,44,0,197,377,1.0,0.10451306413301663,0.9614466402208905,0.0692547998178346,
BOOKKEEPER,4,RANDOM FOREST,SMOTE,NO,SENSITIVE LEARNING,111,0,121,358,1.0,0.23667377398720682,0.857627447179686,0.11282667316302789,
BOOKKEEPER,5,RANDOM FOREST,SMOTE,NO,SENSITIVE LEARNING,271,42,155,150,0.865814696485623,0.6437054631828979,0.8072090864149897,0.3757115949196595,
BOOKKEEPER,6,RANDOM FOREST,SMOTE,NO,SENSITIVE LEARNING,92,0,0,564,1.0,0.1402439024390244,NaN,0.0,
BOOKKEEPER,1,NAIVE BAYES,SMOTE,NO,SENSITIVE LEARNING,1,3,151,147,0.25,0.006756756756756757,0.8094726219726219,-0.012969588550983778,
BOOKKEEPER,2,NAIVE BAYES,SMOTE,NO,SENSITIVE LEARNING,146,34,158,126,0.8111111111111111,0.5367647058823529,0.7859126072303921,0.33600457927876354,
BOOKKEEPER,3,NAIVE BAYES,SMOTE,NO,SENSITIVE LEARNING,372,101,96,49,0.7864693446088795,0.8836104513064132,0.8228776058936301,0.3989340318752999,
BOOKKEEPER,4,NAIVE BAYES,SMOTE,NO,SENSITIVE LEARNING,307,63,58,162,0.8297297297297297,0.6545842217484008,0.6554124301749811,0.10273741128759718,
BOOKKEEPER,5,NAIVE BAYES,SMOTE,NO,SENSITIVE LEARNING,389,101,96,32,0.7938775510204081,0.9239904988123515,0.7949769101848391,0.4535627385020408,
BOOKKEEPER,6,NAIVE BAYES,SMOTE,NO,SENSITIVE LEARNING,382,0,0,274,1.0,0.5823170731707317,NaN,0.0,
BOOKKEEPER,1,IBK,SMOTE,NO,SENSITIVE LEARNING,120,24,130,28,0.8333333333333334,0.8108108108108109,0.8366751491751492,0.6553116769095698,
BOOKKEEPER,2,IBK,SMOTE,NO,SENSITIVE LEARNING,11,1,191,261,0.9166666666666666,0.04044117647058824,0.5066348805147058,0.029381706693919315,
BOOKKEEPER,3,IBK,SMOTE,NO,SENSITIVE LEARNING,395,38,159,26,0.9122401847575058,0.9382422802850356,0.8697686195546017,0.7576262669591755,
BOOKKEEPER,4,IBK,SMOTE,NO,SENSITIVE LEARNING,285,10,111,184,0.9661016949152542,0.6076759061833689,0.7590882658725264,0.34237288135593213,
BOOKKEEPER,5,IBK,SMOTE,NO,SENSITIVE LEARNING,398,96,101,23,0.805668016194332,0.9453681710213777,0.7186117173276101,0.5081526464333008,
BOOKKEEPER,6,IBK,SMOTE,NO,SENSITIVE LEARNING,357,0,0,299,1.0,0.5442073170731707,NaN,0.0,
BOOKKEEPER,1,RANDOM FOREST,NO,BEST FIRST,NO,138,25,129,10,0.8466257668711656,0.9324324324324325,0.9604027729027729,0.7685773087533389,
BOOKKEEPER,2,RANDOM FOREST,NO,BEST FIRST,NO,201,2,190,71,0.9901477832512315,0.7389705882352942,0.9400084252450981,0.6919831223628692,
BOOKKEEPER,3,RANDOM FOREST,NO,BEST FIRST,NO,419,8,189,2,0.9812646370023419,0.995249406175772,0.9931453995201177,0.9624384610709292,
BOOKKEEPER,4,RANDOM FOREST,NO,BEST FIRST,NO,392,3,118,77,0.9924050632911392,0.835820895522388,0.9116636416500731,0.6610412926391382,
BOOKKEEPER,5,RANDOM FOREST,NO,BEST FIRST,NO,418,79,118,3,0.8410462776659959,0.9928741092636579,0.8259763434896367,0.6595498824319785,
BOOKKEEPER,6,RANDOM FOREST,NO,BEST FIRST,NO,459,0,0,197,1.0,0.6996951219512195,NaN,0.0,
BOOKKEEPER,1,NAIVE BAYES,NO,BEST FIRST,NO,142,83,71,6,0.6311111111111111,0.9594594594594594,0.9205642330642331,0.41627937280111205,
BOOKKEEPER,2,NAIVE BAYES,NO,BEST FIRST,NO,190,12,180,82,0.9405940594059405,0.6985294117647058,0.8800647212009803,0.6036638557720267,
BOOKKEEPER,3,NAIVE BAYES,NO,BEST FIRST,NO,413,122,75,8,0.77196261682243,0.9809976247030879,0.9386341439888107,0.4275249754164943,
BOOKKEEPER,4,NAIVE BAYES,NO,BEST FIRST,NO,281,9,112,188,0.9689655172413794,0.5991471215351812,0.8761564080424324,0.3388133568462371,
BOOKKEEPER,5,NAIVE BAYES,NO,BEST FIRST,NO,399,122,75,22,0.7658349328214972,0.9477434679334917,0.8215452693007946,0.37973430726124596,
BOOKKEEPER,6,NAIVE BAYES,NO,BEST FIRST,NO,231,0,0,425,1.0,0.3521341463414634,NaN,0.0,
BOOKKEEPER,1,IBK,NO,BEST FIRST,NO,129,13,141,19,0.9084507042253521,0.8716216216216216,0.8939320814320815,0.7878282251690525,
BOOKKEEPER,2,IBK,NO,BEST FIRST,NO,198,5,187,74,0.9753694581280788,0.7279411764705882,0.8612515318627451,0.6666666666666667,
BOOKKEEPER,3,IBK,NO,BEST FIRST,NO,358,4,193,63,0.988950276243094,0.850356294536817,0.9246536527725864,0.7687978111564018,
BOOKKEEPER,4,IBK,NO,BEST FIRST,NO,392,3,118,77,0.9924050632911392,0.835820895522388,0.905513753546318,0.6610412926391382,
BOOKKEEPER,5,IBK,NO,BEST FIRST,NO,416,80,117,5,0.8387096774193549,0.9881235154394299,0.7963213041224062,0.647624669627165,
BOOKKEEPER,6,IBK,NO,BEST FIRST,NO,450,0,0,206,1.0,0.6859756097560976,NaN,0.0,
BOOKKEEPER,1,RANDOM FOREST,NO,BEST FIRST,SENSITIVE THRESHOLD,0,0,154,148,NaN,0.0,0.5,0.0,
BOOKKEEPER,2,RANDOM FOREST,NO,BEST FIRST,SENSITIVE THRESHOLD,0,0,192,272,NaN,0.0,0.5,0.0,
BOOKKEEPER,3,RANDOM FOREST,NO,BEST FIRST,SENSITIVE THRESHOLD,1,0,197,420,1.0,0.0023752969121140144,0.501187648456057,0.0015156527693361607,
BOOKKEEPER,4,RANDOM FOREST,NO,BEST FIRST,SENSITIVE THRESHOLD,28,0,121,441,1.0,0.05970149253731343,0.5298507462686567,0.025381509255860298,
BOOKKEEPER,5,RANDOM FOREST,NO,BEST FIRST,SENSITIVE THRESHOLD,285,44,153,136,0.8662613981762918,0.6769596199524941,0.7268046830726937,0.40348130114434644,
BOOKKEEPER,6,RANDOM FOREST,NO,BEST FIRST,SENSITIVE THRESHOLD,56,0,0,600,1.0,0.08536585365853659,NaN,0.0,
BOOKKEEPER,1,NAIVE BAYES,NO,BEST FIRST,SENSITIVE THRESHOLD,0,4,150,148,0.0,0.0,0.487012987012987,-0.02647584973166363,
BOOKKEEPER,2,NAIVE BAYES,NO,BEST FIRST,SENSITIVE THRESHOLD,0,2,190,272,0.0,0.0,0.4947916666666667,-0.008631632394008642,
BOOKKEEPER,3,NAIVE BAYES,NO,BEST FIRST,SENSITIVE THRESHOLD,2,3,194,419,0.4,0.004750593824228029,0.49476108371414446,-0.006708922326274426,
BOOKKEEPER,4,NAIVE BAYES,NO,BEST FIRST,SENSITIVE THRESHOLD,81,5,116,388,0.9418604651162791,0.17270788912579957,0.5656927875381064,0.06042580090930462,
BOOKKEEPER,5,NAIVE BAYES,NO,BEST FIRST,SENSITIVE THRESHOLD,18,3,194,403,0.8571428571428571,0.04275534441805225,0.5137634590110566,0.017872660231569495,
BOOKKEEPER,6,NAIVE BAYES,NO,BEST FIRST,SENSITIVE THRESHOLD,15,0,0,641,1.0,0.022865853658536585,NaN,0.0,
BOOKKEEPER,1,IBK,NO,BEST FIRST,SENSITIVE THRESHOLD,126,13,141,22,0.9064748201438849,0.8513513513513513,0.8834678834678835,0.76784537667472,
BOOKKEEPER,2,IBK,NO,BEST FIRST,SENSITIVE THRESHOLD,196,5,187,76,0.9751243781094527,0.7205882352941176,0.8472732843137255,0.6587243934330961,
BOOKKEEPER,3,IBK,NO,BEST FIRST,SENSITIVE THRESHOLD,348,4,193,73,0.9886363636363636,0.8266033254156769,0.9031493784438791,0.7375723818452544,
BOOKKEEPER,4,IBK,NO,BEST FIRST,SENSITIVE THRESHOLD,392,3,118,77,0.9924050632911392,0.835820895522388,0.905513753546318,0.6610412926391382,
BOOKKEEPER,5,IBK,NO,BEST FIRST,SENSITIVE THRESHOLD,416,80,117,5,0.8387096774193549,0.9881235154394299,0.7910160724405272,0.647624669627165,
BOOKKEEPER,6,IBK,NO,BEST FIRST,SENSITIVE THRESHOLD,450,0,0,206,1.0,0.6859756097560976,NaN,0.0,
BOOKKEEPER,1,RANDOM FOREST,NO,BEST FIRST,SENSITIVE LEARNING,0,0,154,148,NaN,0.0,0.9555984555984556,0.0,
BOOKKEEPER,2,RANDOM FOREST,NO,BEST FIRST,SENSITIVE LEARNING,0,0,192,272,NaN,0.0,0.9350681678921569,0.0,
BOOKKEEPER,3,RANDOM FOREST,NO,BEST FIRST,SENSITIVE LEARNING,1,0,197,420,1.0,0.0023752969121140144,0.9933262596910908,0.0015156527693361607,
BOOKKEEPER,4,RANDOM FOREST,NO,BEST FIRST,SENSITIVE LEARNING,2,0,121,467,1.0,0.0042643923240938165,0.896332975030397,0.0017535342410167378,
BOOKKEEPER,5,RANDOM FOREST,NO,BEST FIRST,SENSITIVE LEARNING,223,29,168,198,0.8849206349206349,0.5296912114014252,0.8212679503719691,0.3114121631571197,
BOOKKEEPER,6,RANDOM FOREST,NO,BEST FIRST,SENSITIVE LEARNING,7,0,0,649,1.0,0.010670731707317074,NaN,0.0,
BOOKKEEPER,1,NAIVE BAYES,NO,BEST FIRST,SENSITIVE LEARNING,1,5,149,147,0.16666666666666666,0.006756756756756757,0.9184143559143559,-0.02620048287579358,
BOOKKEEPER,2,NAIVE BAYES,NO,BEST FIRST,SENSITIVE LEARNING,0,2,190,272,0.0,0.0,0.8810221354166666,-0.008631632394008642,
BOOKKEEPER,3,NAIVE BAYES,NO,BEST FIRST,SENSITIVE LEARNING,3,3,194,418,0.5,0.007125890736342043,0.9606629128133403,-0.00519251721180374,
BOOKKEEPER,4,NAIVE BAYES,NO,BEST FIRST,SENSITIVE LEARNING,92,5,116,377,0.9484536082474226,0.19616204690831557,0.8815133306313767,0.0723346806391333,
BOOKKEEPER,5,NAIVE BAYES,NO,BEST FIRST,SENSITIVE LEARNING,325,43,154,96,0.8831521739130435,0.7719714964370546,0.8235106164920362,0.5167148627817222,
BOOKKEEPER,6,NAIVE BAYES,NO,BEST FIRST,SENSITIVE LEARNING,15,0,0,641,1.0,0.022865853658536585,NaN,0.0,
BOOKKEEPER,1,IBK,NO,BEST FIRST,SENSITIVE LEARNING,126,13,141,22,0.9064748201438849,0.8513513513513513,0.8939320814320815,0.76784537667472,
BOOKKEEPER,2,IBK,NO,BEST FIRST,SENSITIVE LEARNING,196,5,187,76,0.9751243781094527,0.7205882352941176,0.8612515318627451,0.6587243934330961,
BOOKKEEPER,3,IBK,NO,BEST FIRST,SENSITIVE LEARNING,348,4,193,73,0.9886363636363636,0.8266033254156769,0.9246536527725864,0.7375723818452544,
BOOKKEEPER,4,IBK,NO,BEST FIRST,SENSITIVE LEARNING,392,3,118,77,0.9924050632911392,0.835820895522388,0.905513753546318,0.6610412926391382,
BOOKKEEPER,5,IBK,NO,BEST FIRST,SENSITIVE LEARNING,416,80,117,5,0.8387096774193549,0.9881235154394299,0.7963213041224062,0.647624669627165,
BOOKKEEPER,6,IBK,NO,BEST FIRST,SENSITIVE LEARNING,450,0,0,206,1.0,0.6859756097560976,NaN,0.0,
BOOKKEEPER,1,RANDOM FOREST,UNDERSAMPLING,BEST FIRST,NO,137,17,137,11,0.8896103896103896,0.9256756756756757,0.956541769041769,0.8146427005699255,
BOOKKEEPER,2,RANDOM FOREST,UNDERSAMPLING,BEST FIRST,NO,211,7,185,61,0.9678899082568807,0.7757352941176471,0.9417987898284313,0.7099146807884672,
BOOKKEEPER,3,RANDOM FOREST,UNDERSAMPLING,BEST FIRST,NO,377,2,195,44,0.9947229551451188,0.8954869358669834,0.9969615491276511,0.8378156342351183,
BOOKKEEPER,4,RANDOM FOREST,UNDERSAMPLING,BEST FIRST,NO,313,3,118,156,0.990506329113924,0.6673773987206824,0.9161306807168408,0.43739429777740463,
BOOKKEEPER,5,RANDOM FOREST,UNDERSAMPLING,BEST FIRST,NO,300,40,157,121,0.8823529411764706,0.7125890736342043,0.8529486236540988,0.4593028942820812,
BOOKKEEPER,6,RANDOM FOREST,UNDERSAMPLING,BEST FIRST,NO,408,0,0,248,1.0,0.6219512195121951,NaN,0.0,
BOOKKEEPER,1,NAIVE BAYES,UNDERSAMPLING,BEST FIRST,NO,135,37,117,13,0.7848837209302325,0.9121621621621622,0.9051640926640927,0.669786564030791,
BOOKKEEPER,2,NAIVE BAYES,UNDERSAMPLING,BEST FIRST,NO,190,18,174,82,0.9134615384615384,0.6985294117647058,0.8797679227941176,0.5765186915887849,
BOOKKEEPER,3,NAIVE BAYES,UNDERSAMPLING,BEST FIRST,NO,391,52,145,30,0.8826185101580135,0.9287410926365796,0.930603952397603,0.6851366296770346,
BOOKKEEPER,4,NAIVE BAYES,UNDERSAMPLING,BEST FIRST,NO,367,6,115,102,0.9839142091152815,0.7825159914712153,0.8844208708523498,0.5662532503777926,
BOOKKEEPER,5,NAIVE BAYES,UNDERSAMPLING,BEST FIRST,NO,388,99,98,33,0.7967145790554415,0.9216152019002375,0.8034110228245536,0.46008339400357395,
BOOKKEEPER,6,NAIVE BAYES,UNDERSAMPLING,BEST FIRST,NO,422,0,0,234,1.0,0.6432926829268293,NaN,0.0,
BOOKKEEPER,1,IBK,UNDERSAMPLING,BEST FIRST,NO,126,12,142,22,0.9130434782608695,0.8513513513513513,0.8973543348543348,0.7744486424742992,
BOOKKEEPER,2,IBK,UNDERSAMPLING,BEST FIRST,NO,198,6,186,74,0.9705882352941176,0.7279411764705882,0.859375,0.6622015142690739,
BOOKKEEPER,3,IBK,UNDERSAMPLING,BEST FIRST,NO,341,2,195,80,0.9941690962099126,0.8099762470308789,0.9022691922784765,0.7236045509582975,
BOOKKEEPER,4,IBK,UNDERSAMPLING,BEST FIRST,NO,337,3,118,132,0.9911764705882353,0.7185501066098081,0.864649597349733,0.49712734389797353,
BOOKKEEPER,5,IBK,UNDERSAMPLING,BEST FIRST,NO,398,75,122,23,0.8414376321353065,0.9453681710213777,0.7836852068437489,0.6073035674918625,
BOOKKEEPER,6,IBK,UNDERSAMPLING,BEST FIRST,NO,379,0,0,277,1.0,0.5777439024390244,NaN,0.0,
BOOKKEEPER,1,RANDOM FOREST,UNDERSAMPLING,BEST FIRST,SENSITIVE THRESHOLD,1,0,154,147,1.0,0.006756756756756757,0.5033783783783784,0.006890072032571162,
BOOKKEEPER,2,RANDOM FOREST,UNDERSAMPLING,BEST FIRST,SENSITIVE THRESHOLD,0,0,192,272,NaN,0.0,0.5,0.0,
BOOKKEEPER,3,RANDOM FOREST,UNDERSAMPLING,BEST FIRST,SENSITIVE THRESHOLD,0,0,197,421,NaN,0.0,0.5,0.0,
BOOKKEEPER,4,RANDOM FOREST,UNDERSAMPLING,BEST FIRST,SENSITIVE THRESHOLD,0,0,121,469,NaN,0.0,0.5,0.0,
BOOKKEEPER,5,RANDOM FOREST,UNDERSAMPLING,BEST FIRST,SENSITIVE THRESHOLD,0,1,196,421,0.0,0.0,0.49746192893401014,-0.0032390345984289306,
BOOKKEEPER,6,RANDOM FOREST,UNDERSAMPLING,BEST FIRST,SENSITIVE THRESHOLD,0,0,0,656,NaN,0.0,NaN,0.0,
BOOKKEEPER,1,NAIVE BAYES,UNDERSAMPLING,BEST FIRST,SENSITIVE THRESHOLD,0,4,150,148,0.0,0.0,0.487012987012987,-0.02647584973166363,
BOOKKEEPER,2,NAIVE BAYES,UNDERSAMPLING,BEST FIRST,SENSITIVE THRESHOLD,0,2,190,272,0.0,0.0,0.4947916666666667,-0.008631632394008642,
BOOKKEEPER,3,NAIVE BAYES,UNDERSAMPLING,BEST FIRST,SENSITIVE THRESHOLD,2,3,194,419,0.4,0.004750593824228029,0.49476108371414446,-0.006708922326274426,
BOOKKEEPER,4,NAIVE BAYES,UNDERSAMPLING,BEST FIRST,SENSITIVE THRESHOLD,103,3,118,366,0.9716981132075472,0.21961620469083157,0.5974114081305397,0.09220171627290237,
BOOKKEEPER,5,NAIVE BAYES,UNDERSAMPLING,BEST FIRST,SENSITIVE THRESHOLD,94,8,189,327,0.9215686274509803,0.22327790973871733,0.5913343863414399,0.12767033244848944,
BOOKKEEPER,6,NAIVE BAYES,UNDERSAMPLING,BEST FIRST,SENSITIVE THRESHOLD,18,0,0,638,1.0,0.027439024390243903,NaN,0.0,
BOOKKEEPER,1,IBK,UNDERSAMPLING,BEST FIRST,SENSITIVE THRESHOLD,126,12,142,22,0.9130434782608695,0.8513513513513513,0.8867146367146367,0.7744486424742992,
BOOKKEEPER,2,IBK,UNDERSAMPLING,BEST FIRST,SENSITIVE THRESHOLD,196,6,186,76,0.9702970297029703,0.7205882352941176,0.8446691176470589,0.6542599592904914,
BOOKKEEPER,3,IBK,UNDERSAMPLING,BEST FIRST,SENSITIVE THRESHOLD,331,2,195,90,0.993993993993994,0.7862232779097387,0.8880354968228896,0.6936406841033268,
BOOKKEEPER,4,IBK,UNDERSAMPLING,BEST FIRST,SENSITIVE THRESHOLD,319,2,119,150,0.9937694704049844,0.6801705756929638,0.8318208250365645,0.45649143646743673,
BOOKKEEPER,5,IBK,UNDERSAMPLING,BEST FIRST,SENSITIVE THRESHOLD,398,75,122,23,0.8414376321353065,0.9453681710213777,0.7823287555614502,0.6073035674918625,
BOOKKEEPER,6,IBK,UNDERSAMPLING,BEST FIRST,SENSITIVE THRESHOLD,342,0,0,314,1.0,0.5213414634146342,NaN,0.0,
BOOKKEEPER,1,RANDOM FOREST,UNDERSAMPLING,BEST FIRST,SENSITIVE LEARNING,97,35,119,51,0.7348484848484849,0.6554054054054054,0.8252895752895753,0.4290362293352093,
BOOKKEEPER,2,RANDOM FOREST,UNDERSAMPLING,BEST FIRST,SENSITIVE LEARNING,154,22,170,118,0.875,0.5661764705882353,0.8416436887254902,0.42066210045662095,
BOOKKEEPER,3,RANDOM FOREST,UNDERSAMPLING,BEST FIRST,SENSITIVE LEARNING,341,58,139,80,0.8546365914786967,0.8099762470308789,0.8429711708887468,0.5006850036884813,
BOOKKEEPER,4,RANDOM FOREST,UNDERSAMPLING,BEST FIRST,SENSITIVE LEARNING,340,20,101,129,0.9444444444444444,0.7249466950959488,0.8670725475338773,0.41946774087036914,
BOOKKEEPER,5,RANDOM FOREST,UNDERSAMPLING,BEST FIRST,SENSITIVE LEARNING,317,46,151,104,0.8732782369146006,0.7529691211401425,0.8411143398000892,0.48173493005937407,
BOOKKEEPER,6,RANDOM FOREST,UNDERSAMPLING,BEST FIRST,SENSITIVE LEARNING,443,0,0,213,1.0,0.6753048780487805,NaN,0.0,
BOOKKEEPER,1,NAIVE BAYES,UNDERSAMPLING,BEST FIRST,SENSITIVE LEARNING,148,105,49,0,0.5849802371541502,1.0,0.7516453141453141,0.3138442896092093,
BOOKKEEPER,2,NAIVE BAYES,UNDERSAMPLING,BEST FIRST,SENSITIVE LEARNING,218,59,133,54,0.7870036101083032,0.8014705882352942,0.8352481617647058,0.4960787328925112,
BOOKKEEPER,3,NAIVE BAYES,UNDERSAMPLING,BEST FIRST,SENSITIVE LEARNING,373,94,103,48,0.7987152034261242,0.8859857482185273,0.7950130822190338,0.43590666580960336,
BOOKKEEPER,4,NAIVE BAYES,UNDERSAMPLING,BEST FIRST,SENSITIVE LEARNING,361,61,60,108,0.8554502369668247,0.7697228144989339,0.7284886077287706,0.2321376314938314,
BOOKKEEPER,5,NAIVE BAYES,UNDERSAMPLING,BEST FIRST,SENSITIVE LEARNING,387,80,117,34,0.828693790149893,0.9192399049881235,0.8105489709056272,0.5471363373401041,
BOOKKEEPER,6,NAIVE BAYES,UNDERSAMPLING,BEST FIRST,SENSITIVE LEARNING,454,0,0,202,1.0,0.6920731707317073,NaN,0.0,
BOOKKEEPER,1,IBK,UNDERSAMPLING,BEST FIRST,SENSITIVE LEARNING,122,55,99,26,0.6892655367231638,0.8243243243243243,0.7252106002106002,0.4654049565103369,
BOOKKEEPER,2,IBK,UNDERSAMPLING,BEST FIRST,SENSITIVE LEARNING,173,38,154,99,0.8199052132701422,0.6360294117647058,0.7109853707107843,0.4185570027806235,
BOOKKEEPER,3,IBK,UNDERSAMPLING,BEST FIRST,SENSITIVE LEARNING,331,60,137,90,0.8465473145780051,0.7862232779097387,0.7701508373825916,0.46290137548234583,
BOOKKEEPER,4,IBK,UNDERSAMPLING,BEST FIRST,SENSITIVE LEARNING,301,20,101,168,0.9376947040498442,0.6417910447761194,0.7454052053780683,0.3277657240518298,
BOOKKEEPER,5,IBK,UNDERSAMPLING,BEST FIRST,SENSITIVE LEARNING,404,79,118,17,0.8364389233954451,0.9596199524940617,0.7951879137176411,0.6096482570763095,
BOOKKEEPER,6,IBK,UNDERSAMPLING,BEST FIRST,SENSITIVE LEARNING,343,0,0,313,1.0,0.5228658536585366,NaN,0.0,
BOOKKEEPER,1,RANDOM FOREST,OVERSAMPLING,BEST FIRST,NO,138,34,120,10,0.8023255813953488,0.9324324324324325,0.9448929448929448,0.7094121763470961,
BOOKKEEPER,2,RANDOM FOREST,OVERSAMPLING,BEST FIRST,NO,200,24,168,72,0.8928571428571429,0.7352941176470589,0.8984853707107843,0.5886524822695036,
BOOKKEEPER,3,RANDOM FOREST,OVERSAMPLING,BEST FIRST,NO,417,49,148,4,0.8948497854077253,0.9904988123515439,0.9573049423056055,0.7897608380297058,
BOOKKEEPER,4,RANDOM FOREST,OVERSAMPLING,BEST FIRST,NO,372,12,109,97,0.96875,0.7931769722814499,0.8859539375143174,0.5505248885223445,
BOOKKEEPER,5,RANDOM FOREST,OVERSAMPLING,BEST FIRST,NO,356,62,135,65,0.8516746411483254,0.8456057007125891,0.811821020774805,0.5287428097942911,
BOOKKEEPER,6,RANDOM FOREST,OVERSAMPLING,BEST FIRST,NO,429,0,0,227,1.0,0.6539634146341463,NaN,0.0,
BOOKKEEPER,1,NAIVE BAYES,OVERSAMPLING,BEST FIRST,NO,146,98,56,2,0.5983606557377049,0.9864864864864865,0.9248420498420499,0.34575389948006924,
BOOKKEEPER,2,NAIVE BAYES,OVERSAMPLING,BEST FIRST,NO,181,26,166,91,0.8743961352657005,0.6654411764705882,0.8520795036764706,0.5048883700569092,
BOOKKEEPER,3,NAIVE BAYES,OVERSAMPLING,BEST FIRST,NO,187,11,186,234,0.9444444444444444,0.44418052256532065,0.902359622363963,0.29846265046843284,
BOOKKEEPER,4,NAIVE BAYES,OVERSAMPLING,BEST FIRST,NO,379,16,105,90,0.959493670886076,0.8081023454157783,0.8753017674320253,0.550879712746858,
BOOKKEEPER,5,NAIVE BAYES,OVERSAMPLING,BEST FIRST,NO,384,96,101,37,0.8,0.9121140142517815,0.8150162171286639,0.4615807884290374,
BOOKKEEPER,6,NAIVE BAYES,OVERSAMPLING,BEST FIRST,NO,422,0,0,234,1.0,0.6432926829268293,NaN,0.0,
BOOKKEEPER,1,IBK,OVERSAMPLING,BEST FIRST,NO,124,31,123,24,0.8,0.8378378378378378,0.8135310635310635,0.635953184587735,
BOOKKEEPER,2,IBK,OVERSAMPLING,BEST FIRST,NO,173,17,175,99,0.9105263157894737,0.6360294117647058,0.7974973192401961,0.5151340443931968,
BOOKKEEPER,3,IBK,OVERSAMPLING,BEST FIRST,NO,356,32,165,65,0.9175257731958762,0.8456057007125891,0.8296598623051231,0.6540232936640772,
BOOKKEEPER,4,IBK,OVERSAMPLING,BEST FIRST,NO,359,14,107,110,0.9624664879356568,0.7654584221748401,0.848367372112284,0.5019944726559841,
BOOKKEEPER,5,IBK,OVERSAMPLING,BEST FIRST,NO,410,77,120,11,0.8418891170431212,0.9738717339667459,0.7946754765665505,0.6400555960023827,
BOOKKEEPER,6,IBK,OVERSAMPLING,BEST FIRST,NO,416,0,0,240,1.0,0.6341463414634146,NaN,0.0,
BOOKKEEPER,1,RANDOM FOREST,OVERSAMPLING,BEST FIRST,SENSITIVE THRESHOLD,19,0,154,129,1.0,0.12837837837837837,0.5641891891891891,0.13059584914081693,
BOOKKEEPER,2,RANDOM FOREST,OVERSAMPLING,BEST FIRST,SENSITIVE THRESHOLD,34,0,192,238,1.0,0.125,0.5625,0.10572687224669607,
BOOKKEEPER,3,RANDOM FOREST,OVERSAMPLING,BEST FIRST,SENSITIVE THRESHOLD,51,1,196,370,0.9807692307692307,0.12114014251781473,0.5580320001929175,0.07746348529352601,
BOOKKEEPER,4,RANDOM FOREST,OVERSAMPLING,BEST FIRST,SENSITIVE THRESHOLD,72,2,119,397,0.972972972972973,0.1535181236673774,0.5684945990237713,0.06195459001107752,
BOOKKEEPER,5,RANDOM FOREST,OVERSAMPLING,BEST FIRST,SENSITIVE THRESHOLD,72,13,184,349,0.8470588235294118,0.171021377672209,0.5525157649782365,0.07224908558584715,
BOOKKEEPER,6,RANDOM FOREST,OVERSAMPLING,BEST FIRST,SENSITIVE THRESHOLD,100,0,0,556,1.0,0.1524390243902439,NaN,0.0,
BOOKKEEPER,1,NAIVE BAYES,OVERSAMPLING,BEST FIRST,SENSITIVE THRESHOLD,139,38,116,9,0.7853107344632768,0.9391891891891891,0.8462179712179713,0.6898028759998251,
BOOKKEEPER,2,NAIVE BAYES,OVERSAMPLING,BEST FIRST,SENSITIVE THRESHOLD,6,0,192,266,1.0,0.022058823529411766,0.5110294117647058,0.018325273606515615,
BOOKKEEPER,3,NAIVE BAYES,OVERSAMPLING,BEST FIRST,SENSITIVE THRESHOLD,2,4,193,419,0.3333333333333333,0.004750593824228029,0.4922230126481546,-0.009967778576230305,
BOOKKEEPER,4,NAIVE BAYES,OVERSAMPLING,BEST FIRST,SENSITIVE THRESHOLD,112,3,118,357,0.9739130434782609,0.23880597014925373,0.6070062908597509,0.10262368498880393,
BOOKKEEPER,5,NAIVE BAYES,OVERSAMPLING,BEST FIRST,SENSITIVE THRESHOLD,295,48,149,126,0.8600583090379009,0.7007125890736342,0.7285288833693044,0.41350233983833845,
BOOKKEEPER,6,NAIVE BAYES,OVERSAMPLING,BEST FIRST,SENSITIVE THRESHOLD,26,0,0,630,1.0,0.039634146341463415,NaN,0.0,
BOOKKEEPER,1,IBK,OVERSAMPLING,BEST FIRST,SENSITIVE THRESHOLD,124,30,124,24,0.8051948051948052,0.8378378378378378,0.8215163215163215,0.6425252082419991,
BOOKKEEPER,2,IBK,OVERSAMPLING,BEST FIRST,SENSITIVE THRESHOLD,169,17,175,103,0.9086021505376344,0.6213235294117647,0.766390931372549,0.4998562805403852,
BOOKKEEPER,3,IBK,OVERSAMPLING,BEST FIRST,SENSITIVE THRESHOLD,346,32,165,75,0.9153439153439153,0.8218527315914489,0.8297080916840494,0.6232265563570476,
BOOKKEEPER,4,IBK,OVERSAMPLING,BEST FIRST,SENSITIVE THRESHOLD,341,13,108,128,0.963276836158192,0.7270788912579957,0.809820437364535,0.4581091468101461,
BOOKKEEPER,5,IBK,OVERSAMPLING,BEST FIRST,SENSITIVE THRESHOLD,410,77,120,11,0.8418891170431212,0.9738717339667459,0.7915043949021546,0.6400555960023827,
BOOKKEEPER,6,IBK,OVERSAMPLING,BEST FIRST,SENSITIVE THRESHOLD,392,0,0,264,1.0,0.5975609756097561,NaN,0.0,
BOOKKEEPER,1,RANDOM FOREST,OVERSAMPLING,BEST FIRST,SENSITIVE LEARNING,77,19,135,71,0.8020833333333334,0.5202702702702703,0.8404045279045279,0.39962890970136067,
BOOKKEEPER,2,RANDOM FOREST,OVERSAMPLING,BEST FIRST,SENSITIVE LEARNING,136,9,183,136,0.9379310344827586,0.5,0.8779105392156863,0.41295546558704455,
BOOKKEEPER,3,RANDOM FOREST,OVERSAMPLING,BEST FIRST,SENSITIVE LEARNING,370,47,150,51,0.8872901678657075,0.8788598574821853,0.9074659078577716,0.6368411584817413,
BOOKKEEPER,4,RANDOM FOREST,OVERSAMPLING,BEST FIRST,SENSITIVE LEARNING,337,10,111,132,0.9711815561959655,0.7185501066098081,0.8856631834922202,0.4627903099631943,
BOOKKEEPER,5,RANDOM FOREST,OVERSAMPLING,BEST FIRST,SENSITIVE LEARNING,286,35,162,135,0.8909657320872274,0.6793349168646081,0.84119874121321,0.44198349214442784,
BOOKKEEPER,6,RANDOM FOREST,OVERSAMPLING,BEST FIRST,SENSITIVE LEARNING,376,0,0,280,1.0,0.573170731707317,NaN,0.0,
BOOKKEEPER,1,NAIVE BAYES,OVERSAMPLING,BEST FIRST,SENSITIVE LEARNING,147,90,64,1,0.620253164556962,0.9932432432432432,0.7496051246051246,0.4040938462205647,
BOOKKEEPER,2,NAIVE BAYES,OVERSAMPLING,BEST FIRST,SENSITIVE LEARNING,226,61,131,46,0.7874564459930313,0.8308823529411765,0.8493604473039216,0.5191383852471718,
BOOKKEEPER,3,NAIVE BAYES,OVERSAMPLING,BEST FIRST,SENSITIVE LEARNING,380,95,102,41,0.8,0.9026128266033254,0.8517730325427735,0.4534458765232997,
BOOKKEEPER,4,NAIVE BAYES,OVERSAMPLING,BEST FIRST,SENSITIVE LEARNING,301,49,72,168,0.86,0.6417910447761194,0.6772806569278754,0.17352010845006788,
BOOKKEEPER,5,NAIVE BAYES,OVERSAMPLING,BEST FIRST,SENSITIVE LEARNING,385,94,103,36,0.8037578288100209,0.9144893111638955,0.8223109106912476,0.47449667063486856,
BOOKKEEPER,6,NAIVE BAYES,OVERSAMPLING,BEST FIRST,SENSITIVE LEARNING,439,0,0,217,1.0,0.6692073170731707,NaN,0.0,
BOOKKEEPER,1,IBK,OVERSAMPLING,BEST FIRST,SENSITIVE LEARNING,118,28,126,30,0.8082191780821918,0.7972972972972973,0.8110521235521235,0.615641183182656,
BOOKKEEPER,2,IBK,OVERSAMPLING,BEST FIRST,SENSITIVE LEARNING,143,13,179,129,0.9166666666666666,0.5257352941176471,0.7104396446078431,0.42065278559369734,
BOOKKEEPER,3,IBK,OVERSAMPLING,BEST FIRST,SENSITIVE LEARNING,285,35,162,136,0.890625,0.6769596199524941,0.8246500355691669,0.4393680569555115,
BOOKKEEPER,4,IBK,OVERSAMPLING,BEST FIRST,SENSITIVE LEARNING,274,8,113,195,0.9716312056737588,0.5842217484008528,0.7547533877248939,0.3292976581137231,
BOOKKEEPER,5,IBK,OVERSAMPLING,BEST FIRST,SENSITIVE LEARNING,404,75,122,17,0.8434237995824635,0.9596199524940617,0.7851562029009972,0.6281053361415994,
BOOKKEEPER,6,IBK,OVERSAMPLING,BEST FIRST,SENSITIVE LEARNING,276,0,0,380,1.0,0.42073170731707316,NaN,0.0,
BOOKKEEPER,1,RANDOM FOREST,SMOTE,BEST FIRST,NO,132,10,144,16,0.9295774647887324,0.8918918918918919,0.9575508950508951,0.8276104329498551,
BOOKKEEPER,2,RANDOM FOREST,SMOTE,BEST FIRST,NO,247,32,160,25,0.8853046594982079,0.9080882352941176,0.9404584099264706,0.7454181426151241,
BOOKKEEPER,3,RANDOM FOREST,SMOTE,BEST FIRST,NO,392,4,193,29,0.98989898989899,0.9311163895486936,0.9895342247730204,0.8810665173728962,
BOOKKEEPER,4,RANDOM FOREST,SMOTE,BEST FIRST,NO,392,3,118,77,0.9924050632911392,0.835820895522388,0.91435972440043,0.6610412926391382,
BOOKKEEPER,5,RANDOM FOREST,SMOTE,BEST FIRST,NO,418,79,118,3,0.8410462776659959,0.9928741092636579,0.8216537854033785,0.6595498824319785,
BOOKKEEPER,6,RANDOM FOREST,SMOTE,BEST FIRST,NO,455,0,0,201,1.0,0.6935975609756098,NaN,0.0,
BOOKKEEPER,1,NAIVE BAYES,SMOTE,BEST FIRST,NO,140,55,99,8,0.717948717948718,0.9459459459459459,0.9151237276237276,0.5851829241704095,
BOOKKEEPER,2,NAIVE BAYES,SMOTE,BEST FIRST,NO,189,43,149,83,0.8146551724137931,0.6948529411764706,0.8646695006127451,0.4568965517241379,
BOOKKEEPER,3,NAIVE BAYES,SMOTE,BEST FIRST,NO,396,97,100,25,0.8032454361054767,0.9406175771971497,0.9300613718846835,0.49650741922989605,
BOOKKEEPER,4,NAIVE BAYES,SMOTE,BEST FIRST,NO,135,6,115,334,0.9574468085106383,0.2878464818763326,0.8777159068882271,0.11879178710431287,
BOOKKEEPER,5,NAIVE BAYES,SMOTE,BEST FIRST,NO,392,102,95,29,0.7935222672064778,0.9311163895486936,0.8162520949636471,0.45855459397279336,
BOOKKEEPER,6,NAIVE BAYES,SMOTE,BEST FIRST,NO,36,0,0,620,1.0,0.054878048780487805,NaN,0.0,
BOOKKEEPER,1,IBK,SMOTE,BEST FIRST,NO,129,13,141,19,0.9084507042253521,0.8716216216216216,0.8939320814320815,0.7878282251690525,
BOOKKEEPER,2,IBK,SMOTE,BEST FIRST,NO,200,5,187,72,0.975609756097561,0.7352941176470589,0.8616344975490197,0.6746320850939822,
BOOKKEEPER,3,IBK,SMOTE,BEST FIRST,NO,358,4,193,63,0.988950276243094,0.850356294536817,0.9246536527725864,0.7687978111564018,
BOOKKEEPER,4,IBK,SMOTE,BEST FIRST,NO,392,3,118,77,0.9924050632911392,0.835820895522388,0.905513753546318,0.6610412926391382,
BOOKKEEPER,5,IBK,SMOTE,BEST FIRST,NO,414,79,118,7,0.8397565922920892,0.9833729216152018,0.7964177628802586,0.6450790004407463,
BOOKKEEPER,6,IBK,SMOTE,BEST FIRST,NO,450,0,0,206,1.0,0.6859756097560976,NaN,0.0,
BOOKKEEPER,1,RANDOM FOREST,SMOTE,BEST FIRST,SENSITIVE THRESHOLD,0,0,154,148,NaN,0.0,0.5,0.0,
BOOKKEEPER,2,RANDOM FOREST,SMOTE,BEST FIRST,SENSITIVE THRESHOLD,37,0,192,235,1.0,0.13602941176470587,0.5680147058823529,0.11527976113202645,
BOOKKEEPER,3,RANDOM FOREST,SMOTE,BEST FIRST,SENSITIVE THRESHOLD,0,0,197,421,NaN,0.0,0.5,0.0,
BOOKKEEPER,4,RANDOM FOREST,SMOTE,BEST FIRST,SENSITIVE THRESHOLD,0,0,121,469,NaN,0.0,0.5,0.0,
BOOKKEEPER,5,RANDOM FOREST,SMOTE,BEST FIRST,SENSITIVE THRESHOLD,111,13,184,310,0.8951612903225806,0.26365795724465557,0.5988340547644597,0.14108312320892247,
BOOKKEEPER,6,RANDOM FOREST,SMOTE,BEST FIRST,SENSITIVE THRESHOLD,0,0,0,656,NaN,0.0,NaN,0.0,
BOOKKEEPER,1,NAIVE BAYES,SMOTE,BEST FIRST,SENSITIVE THRESHOLD,0,4,150,148,0.0,0.0,0.487012987012987,-0.02647584973166363,
BOOKKEEPER,2,NAIVE BAYES,SMOTE,BEST FIRST,SENSITIVE THRESHOLD,89,1,191,183,0.9888888888888889,0.3272058823529412,0.6609987745098039,0.282602850228556,
BOOKKEEPER,3,NAIVE BAYES,SMOTE,BEST FIRST,SENSITIVE THRESHOLD,2,4,193,419,0.3333333333333333,0.004750593824228029,0.4922230126481546,-0.009967778576230305,
BOOKKEEPER,4,NAIVE BAYES,SMOTE,BEST FIRST,SENSITIVE THRESHOLD,85,5,116,384,0.9444444444444444,0.1812366737739872,0.5699571798622002,0.06471331350095766,
BOOKKEEPER,5,NAIVE BAYES,SMOTE,BEST FIRST,SENSITIVE THRESHOLD,5,4,193,416,0.5555555555555556,0.011876484560570071,0.49578595801632563,-0.005415204406535431,
BOOKKEEPER,6,NAIVE BAYES,SMOTE,BEST FIRST,SENSITIVE THRESHOLD,14,0,0,642,1.0,0.021341463414634148,NaN,0.0,
BOOKKEEPER,1,IBK,SMOTE,BEST FIRST,SENSITIVE THRESHOLD,126,13,141,22,0.9064748201438849,0.8513513513513513,0.8834678834678835,0.76784537667472,
BOOKKEEPER,2,IBK,SMOTE,BEST FIRST,SENSITIVE THRESHOLD,198,5,187,74,0.9753694581280788,0.7279411764705882,0.8509497549019608,0.6666666666666667,
BOOKKEEPER,3,IBK,SMOTE,BEST FIRST,SENSITIVE THRESHOLD,348,4,193,73,0.9886363636363636,0.8266033254156769,0.9031493784438791,0.7375723818452544,
BOOKKEEPER,4,IBK,SMOTE,BEST FIRST,SENSITIVE THRESHOLD,392,3,118,77,0.9924050632911392,0.835820895522388,0.905513753546318,0.6610412926391382,
BOOKKEEPER,5,IBK,SMOTE,BEST FIRST,SENSITIVE THRESHOLD,414,79,118,7,0.8397565922920892,0.9833729216152018,0.791178846594403,0.6450790004407463,
BOOKKEEPER,6,IBK,SMOTE,BEST FIRST,SENSITIVE THRESHOLD,450,0,0,206,1.0,0.6859756097560976,NaN,0.0,
BOOKKEEPER,1,RANDOM FOREST,SMOTE,BEST FIRST,SENSITIVE LEARNING,20,0,154,128,1.0,0.13513513513513514,0.9088057213057213,0.13745091038914656,
BOOKKEEPER,2,RANDOM FOREST,SMOTE,BEST FIRST,SENSITIVE LEARNING,32,0,192,240,1.0,0.11764705882352941,0.9049479166666666,0.09937888198757766,
BOOKKEEPER,3,RANDOM FOREST,SMOTE,BEST FIRST,SENSITIVE LEARNING,53,1,196,368,0.9814814814814815,0.12589073634204276,0.9495822130050521,0.08077974218202047,
BOOKKEEPER,4,RANDOM FOREST,SMOTE,BEST FIRST,SENSITIVE LEARNING,95,1,120,374,0.9895833333333334,0.2025586353944563,0.8912227528238383,0.0906363285135346,
BOOKKEEPER,5,RANDOM FOREST,SMOTE,BEST FIRST,SENSITIVE LEARNING,318,45,152,103,0.8760330578512396,0.7553444180522565,0.8516886311296527,0.48864513099191564,
BOOKKEEPER,6,RANDOM FOREST,SMOTE,BEST FIRST,SENSITIVE LEARNING,89,0,0,567,1.0,0.13567073170731708,NaN,0.0,
BOOKKEEPER,1,NAIVE BAYES,SMOTE,BEST FIRST,SENSITIVE LEARNING,70,58,96,78,0.546875,0.47297297297297297,0.7344243594243595,0.09660390638747156,
BOOKKEEPER,2,NAIVE BAYES,SMOTE,BEST FIRST,SENSITIVE LEARNING,199,36,156,73,0.8468085106382979,0.7316176470588235,0.8691501991421569,0.5291225979442872,
BOOKKEEPER,3,NAIVE BAYES,SMOTE,BEST FIRST,SENSITIVE LEARNING,368,79,118,53,0.8232662192393736,0.8741092636579573,0.8679238458106756,0.4903092783505154,
BOOKKEEPER,4,NAIVE BAYES,SMOTE,BEST FIRST,SENSITIVE LEARNING,295,17,104,174,0.9455128205128205,0.6289978678038379,0.7636962765863715,0.3297607860397065,
BOOKKEEPER,5,NAIVE BAYES,SMOTE,BEST FIRST,SENSITIVE LEARNING,393,76,121,28,0.837953091684435,0.9334916864608076,0.8081797026658789,0.5856680548213664,
BOOKKEEPER,6,NAIVE BAYES,SMOTE,BEST FIRST,SENSITIVE LEARNING,123,0,0,533,1.0,0.1875,NaN,0.0,
BOOKKEEPER,1,IBK,SMOTE,BEST FIRST,SENSITIVE LEARNING,117,22,132,31,0.841726618705036,0.7905405405405406,0.8138820638820639,0.6484515703931474,
BOOKKEEPER,2,IBK,SMOTE,BEST FIRST,SENSITIVE LEARNING,103,6,186,169,0.944954128440367,0.3786764705882353,0.7227328431372549,0.30886558627264055,
BOOKKEEPER,3,IBK,SMOTE,BEST FIRST,SENSITIVE LEARNING,264,20,177,157,0.9295774647887324,0.6270783847980997,0.783920325066014,0.4435038308523519,
BOOKKEEPER,4,IBK,SMOTE,BEST FIRST,SENSITIVE LEARNING,287,5,116,182,0.9828767123287672,0.6119402985074627,0.8103931346807873,0.3698813208904932,
BOOKKEEPER,5,IBK,SMOTE,BEST FIRST,SENSITIVE LEARNING,404,75,122,17,0.8434237995824635,0.9596199524940617,0.7978043575243859,0.6281053361415994,
BOOKKEEPER,6,IBK,SMOTE,BEST FIRST,SENSITIVE LEARNING,248,0,0,408,1.0,0.3780487804878049,NaN,0.0,
